year,total_stock_change,co2_removals,sawnwood_domestic_inflow,woodpanels_domestic_inflow,paper_domestic_inflow,sawnwood_domestic_stock,woodpanel_domestic_stock,paper_domestic_stock,sawnwood_domestic_stock_change,woodpanels_domestic_stock_change,paper_domestic_stock_change,domestic_stock_change,domestic_co2_removals,sawnwood_export_inflow,woodpanels_export_inflow,paper_export_inflow,sawnwood_export_stock,woodpanel_export_stock,paper_export_stock,sawnwood_export_stock_change,woodpanels_export_stock_change,paper_export_stock_change,export_stock_change,export_co2_removals
1900,0.0,-0.0,423020.68127311475,19870.369144976063,52428.14463067128,0.0,0.0,0.0,0.0,0.0,0.0,0.0,-0.0,25397.9591783017,1193.0074503285562,3196.497246833666,0.0,0.0,0.0,0.0,0.0,0.0,0.0,-0.0
1901,519577.26339807414,-1905116.632459605,429456.7636921378,20172.688485790775,53225.816883725034,425232.1729496925,19895.602368097094,44981.73336997771,425232.1729496925,19895.602368097094,44981.73336997771,490109.5086877673,-1797068.1985218134,25784.37848540171,1211.1585588126961,3245.1306131052297,25530.73607978991,1194.5224409640878,2742.496189552814,25530.73607978991,1194.5224409640878,2742.496189552814,29467.75471030681,-108048.43393779163
1902,504088.41426580935,-1848324.1856413009,435990.7684084343,20479.607488703547,54035.62538588266,848595.5316921193,39549.86169690604,77473.0002911983,423363.3587424268,19654.259328808945,32491.266921220595,475508.8849924563,-1743532.578305673,26176.677000348755,1229.58582880707,3294.503915667133,50949.26944928888,2374.554761394683,4723.459772976301,25418.533369498968,1180.032320430595,1980.9635834234869,28579.52927335305,-104791.60733562785
1903,492647.10164753674,-1806372.706040968,442624.18526872766,20791.196135645936,54857.75478508918,1270225.1567550723,58973.98302770009,101142.5862142691,421629.625062953,19424.12133079405,23669.5859230708,464723.33231681783,-1703985.551828332,26574.94417282682,1248.2934619933437,3344.628412339999,76263.7102787144,3540.769706605307,6166.57332905905,25314.44082942552,1166.2149452106241,1443.1135560827488,27923.769330718893,-102387.15421263594
1904,484111.9452837238,-1775077.1327069872,449358.5267871349,21107.525473295256,55692.39253863067,1690254.9774550137,78178.93507011066,118584.87263228293,420029.82069994137,19204.952042410572,17442.286418013828,456677.0591603657,-1674482.5502546742,26979.270813459363,1267.2857239800092,3395.5155322274736,101482.09962010685,4693.825832670852,7230.013984959132,25218.389341392452,1153.056126065545,1063.4406559000827,27434.88612335808,-100594.58245231296
1905,477675.4952726019,-1751476.8159995403,456195.32849004155,21428.667629274267,56539.728955877355,2108817.817257523,97175.45773072644,131634.52512456867,418562.8398025094,18996.52266061578,13049.652492285735,450609.01495541097,-1652233.0548365067,27389.74911451543,1286.5669452750046,3447.1768783222274,126612.41213074912,5834.367958441067,8025.639665737555,25130.312510642267,1140.5421257702146,795.625680778423,27066.480317190904,-99243.76116303331
1906,472766.4418161957,-1733476.9533260507,463136.1492662238,21754.695828597258,57399.95724167671,2526045.438594933,115974.06945204268,141589.01144305762,417227.62133741006,18798.611721316236,9954.486318488955,445980.71937721525,-1635262.6377164559,27806.472670930798,1306.1415222731314,3499.624230151601,151662.55876399582,6963.027606167556,8632.555823744764,25050.14663324671,1128.6596477264893,606.9161580072087,26785.72243898041,-98214.31560959484
1907,468980.46686441737,-1719595.0451695302,470182.5717222972,22085.68441036646,58273.27354040707,2942068.5871570683,134585.07436719362,149365.94559731995,416023.1485621352,18611.004915150945,7776.93415426233,442411.0876315484,-1622173.987982344,28229.536501648985,1326.013918258496,3552.869546463509,176640.38942846833,8080.423431070496,9106.708567238253,24977.83066447251,1117.3958249029401,474.15274349348874,26569.379232868938,-97421.0571871861
1908,466031.3486457523,-1708781.6117010918,477336.20254357404,22421.708844722365,59159.87698070124,3357017.0356707806,153018.56927575593,155614.34696187012,414948.44851371227,18433.49490856231,6248.401364550169,439630.3447868247,-1611977.930885024,28659.037071286923,1346.1886644222025,3606.924967953203,201553.69561655683,9187.161640162525,9487.668028985288,24913.306188088492,1106.7382090920291,380.9594617470357,26401.003858927557,-96803.6808160677
1909,463716.3871575144,-1700293.4195775527,484598.6728604105,22762.845750052064,60059.969720850815,3771019.627183735,171284.45044577032,160793.31238378276,414002.5915129543,18265.881170014385,5178.965421912639,437447.4381048813,-1603973.9397178981,29095.07231213027,1366.6703608955293,3661.8028200315293,226410.2130031582,10283.836400638875,9803.424934540666,24856.517386601365,1096.6747604763495,315.75690555537767,26268.949052633092,-96319.47985965466
1910,461891.9561097673,-1693603.8390691467,491971.63862012734,23109.172910459278,60973.75699490103,4184204.317867691,189392.42024699168,165227.64580243366,413184.69068395626,18107.969801221363,4434.333418650902,435726.99390382855,-1597665.6443140379,29537.74164646337,1387.4636777988242,3717.515615635293,251217.6240155646,11371.030238134521,10073.782290577406,24807.411012406403,1087.1938374956462,270.3573560367404,26164.962205938788,-95938.19475510888
1911,460456.2153592176,-1688339.4563171312,499456.78096459026,23460.769293500285,61901.44715944714,4596698.219356302,207351.99362024484,169147.1943704014,412493.901488611,17959.573373253166,3919.5485679677513,434373.02342983196,-1592701.0859093838,29987.146009238975,1408.5733563063593,3774.0760580803903,275983.56037540466,12449.314425141212,10312.753673116284,24765.936359840067,1078.2841870066914,238.97138253887715,26083.191929385634,-95638.37040774732
1912,459336.8865799685,-1684235.2507932177,507055.80661353393,23817.715068189646,62843.25174114271,5008627.640632252,225172.504387634,172714.66333145235,411929.42127595004,17820.510767389147,3567.4689610509377,433317.4010043901,-1588830.4703494303,30443.387871092847,1430.0042097273874,3831.4970439583462,300715.60561352706,13519.249359869425,10530.259075844053,24732.045238122402,1069.9349347282132,217.50540272776925,26019.485575578383,-95404.7804437874
1913,458482.6091891066,-1681102.9003600576,514770.4482537187,24180.09162327988,63799.385484930695,5420118.129478335,242863.11140822753,176045.28415014228,411490.4888460832,17690.60702059354,3330.620818689931,432511.71668536664,-1585876.294513011,30906.571261708537,1451.7611246036445,3889.7916660769233,325421.2975587035,14581.384935832735,10733.324058444276,24705.691945176455,1062.1355759633097,203.06498260022272,25970.892503739986,-95226.60584704661
1914,457856.8279004255,-1678808.3689682267,522602.46493400796,24547.981585819278,64770.06640300837,5831294.513506902,260432.80458371845,179220.72202101178,411176.384028567,17569.693175490916,3175.4378708695003,431921.5150749275,-1583712.2219414008,31376.801793537634,1473.8490618235508,3948.9732164454654,350108.1308010171,15636.260902424785,10926.927675036644,24686.833242313587,1054.8759665920497,193.60361659236878,25935.312825498007,-95096.14702682602
1915,457433.4704150987,-1677256.0581886952,530553.6424664565,24921.468839992052,65755.51582453729,6242280.940781882,277890.41071844095,182298.91000465825,410986.42727497965,17457.606134722504,3078.187983646465,431522.2213933486,-1582248.1451089447,31854.18668588094,1496.2730577533664,4009.0551893056722,374783.559130789,16684.40721675188,11114.602052687731,24675.42832977191,1048.146314327094,187.67437765108662,25911.24902175009,-95007.91307975032
1916,457193.8909358126,-1676377.6000979794,538625.7938335013,25300.63854624513,66755.95844610939,6653200.920047419,295244.5992380086,185321.00285468885,410919.9792655371,17354.18851956766,3022.0928500306036,431296.26063513535,-1581419.6223288295,32338.834789335982,1519.038225385553,4070.051284208475,399454.9979538865,17726.34438697728,11298.856360042091,24671.438823097502,1041.9371702253993,184.2543073543602,25897.63030067726,-94957.97776914995
1917,457124.70875860896,-1676123.9321148994,546820.7596013474,25685.577160705947,67771.62238298118,7064177.360576965,312503.8877707271,188316.29415921285,410976.44052954577,17259.288532718492,2995.2913045239984,431231.02036678826,-1581180.4080115568,32830.85661061653,1542.1497555046108,4131.975409137733,424129.8266842438,18762.583807426563,11481.4766010562,24674.828730357287,1036.2394204492848,182.62024101410861,25893.68839182068,-94943.5241033425
1918,457216.2797855706,-1676459.692547092,555140.4083396435,26076.3724548957,68802.73922108715,7475332.611656511,329676.6475958256,191305.6933288919,411155.2510795463,17172.759825098503,2989.3991696790617,431317.4100743239,-1581497.1702725207,33330.364337749685,1565.6129178706503,4194.841683681452,448815.3911144157,19793.62808569682,11663.73760386071,24685.564430171915,1031.0442782702557,182.261002804511,25898.869711246683,-94962.52227457117
1919,457461.6155853017,-1677359.257146106,563586.6370475426,26473.113535742516,69849.54406984481,7886788.501715439,346771.1089624441,194304.18424339488,411455.89005892817,17094.461366618518,2998.490914502967,431548.8423400497,-1582345.7552468488,33837.4718656564,1589.4330624209756,4258.664442251254,473519.00576497585,20819.9713620061,11846.552922243296,24703.614650560135,1026.3432763092824,182.81531838258525,25912.773245252003,-95013.50189925735
1920,457855.6189226623,-1678803.9360497617,572161.371586245,26875.89086589907,70912.2756157629,8298666.377118334,363795.3662832114,197322.5638222831,411877.8754028948,17024.25732076727,3018.3795788882126,431920.51230255025,-1583708.545109351,34352.2948221211,1613.6156204899437,4323.4582373508265,498247.95621355803,21842.099621013353,12030.580834765893,24728.95044858218,1022.1282590072515,184.02791252259703,25935.10662011203,-95095.39094041077
1921,458394.5430710865,-1680779.9912606506,580866.5671181222,27284.796284369422,71991.17617686541,8711087.140630908,380757.38320614764,200368.6714262676,412420.76351257414,16962.01692293625,3046.1076039845066,432428.88803949486,-1585572.5894781477,34874.95059415652,1638.1661060473891,4389.237842894104,523009.5014043324,22860.490996333036,12216.299300263514,24761.54519077437,1018.391375319683,185.71846549762085,25965.655031591676,-95207.40178250281
1922,459075.6093681031,-1683277.2343497113,589704.2085525218,27699.92302744957,73086.49175794351,9124171.289573066,397664.99756852875,203448.2582218688,413084.1489421576,16907.614362381108,3079.586795601208,433071.35010013997,-1587928.2837005132,35405.55835476961,1663.0901169558863,4456.018257573931,547810.8759386967,23875.616067962757,12404.058962232666,24801.374534364266,1015.1250716297218,187.75966196915215,26004.25926796314,-95348.95064919819
1923,459896.73667057673,-1686288.0344587814,598676.3109983554,28121.36574998671,74198.47210664819,9538038.953671936,414525.9262362544,206565.60196246722,413867.66409887,16860.928667725646,3117.343740598415,433845.93650719407,-1590768.4338597115,35944.23909013465,1688.3933362471435,4523.814708281977,572659.2923479541,24887.9381528366,12594.120631484024,24848.41640925745,1012.322084873842,190.06166925135767,26050.80016338265,-95519.60059906972
1924,460856.349939862,-1689806.6164461605,607784.9202235729,28549.220546961882,75327.37077043632,9952809.93262758,431347.7698321689,209723.94175227906,414770.97895564325,16821.843595914484,3158.339789811842,434751.16234136955,-1594087.5952516883,36491.115627179934,1714.0815334178158,4592.642653580692,597561.9433487414,25897.91358871126,12786.68179331451,24902.65100078727,1009.9754358746613,192.56116183048653,26105.18759849242,-95719.0211944722
1925,461953.2447850479,-1693828.5642118421,617032.1131216257,28983.584975400972,76473.44515438311,10368603.733403943,448138.0173566963,212925.78551976968,415793.8007763643,16790.247524527425,3201.8437674906163,435785.89206838235,-1597881.6042507351,37046.31266159395,1740.1605657450314,4662.517787228076,622526.0040819587,26905.99201158678,12981.895353887237,24964.06073321728,1008.0784228755183,195.21356057272715,26167.352716665526,-95946.95996110693
1926,463186.49157922657,-1698350.4691238308,626419.9981850295,29424.55807661917,77636.9565798741,10785539.60725746,464904.0507040634,216173.12748379033,416935.87385351583,16766.033347367076,3247.3419640206557,436949.24916490354,-1602147.2469379795,37609.956786257855,1766.6363796219373,4733.456041756078,647558.6343359493,27912.61662685837,13179.882898948043,25032.630253990646,1006.6246152715903,197.98754506080513,26237.242414323042,-96203.22218585115
1927,464555.3675627915,-1703369.6810635687,635950.7159861295,29872.240398803748,78818.1703441902,11203736.586515568,481653.14907729777,219467.60197571438,418196.9792581089,16749.09837323439,3294.4744919240475,438240.5521232673,-1606882.0244519801,38182.176520110464,1793.5150119135585,4805.473592103446,672666.9807546651,28918.224474390816,13380.744072224012,25108.34641871578,1005.6078475324466,200.86117327596912,26314.815439524195,-96487.65661158871
1928,466059.30874112446,-1708884.1320507897,645626.4396651824,30326.73401994053,80017.35578099934,11623313.521117322,498392.49330511026,222810.59225923475,419576.93460175395,16739.344227812486,3342.9902835203684,439659.2691130868,-1612083.9867479848,38763.102337452365,1820.8025913332935,4878.586859303845,697858.179031546,29923.246687702023,13584.563210069551,25191.198276880896,1005.0222133112075,203.81913784553944,26400.039628037644,-96800.1453028047
1929,467697.8757835776,-1714892.2112064513,655449.3754258639,30788.142571089145,81234.78632176835,12044389.114928085,515129.1700636867,226203.30752948095,421075.5938107632,16736.676758576417,3392.7152702462045,441204.98583958583,-1617751.614745148,39352.86669769601,1848.505339840348,4952.812514230088,723139.3560898381,30928.108747437378,13791.414036033895,25281.177058292087,1004.8620597353547,206.85082596434404,26492.889943991788,-97140.59646130321
1930,469470.72982730786,-1721392.6760334622,665421.7630383136,31256.57126001234,82470.73955810921,12467081.961840218,531870.1760063398,229646.83741230587,422692.8469121326,16741.005942653166,3443.5298828249215,442877.38273761066,-1623883.7367045723,39951.60407556826,1876.6295740584274,5028.167481395329,748517.6322500604,31933.230729312058,14001.362983634073,25378.27616022236,1005.1219818746795,209.94894760017814,26593.34708969722,-97508.93932888981
1931,471377.61528933723,-1728384.5893942364,675545.8763498354,31732.1268951649,83725.49730507402,12891510.581671523,548622.4218038949,233142.19055459276,424428.619831305,16752.24579755508,3495.3531422868837,444676.21877114696,-1630479.468827539,40559.450991772625,1905.181706716022,5104.6689428121,774000.1233853315,32939.02754669386,14214.471549171503,25482.491135271033,1005.7968173818044,213.10856553742997,26701.396518190268,-97905.12056669765
1932,473418.34763853316,-1735867.2746746214,685824.0238033675,32214.917910047505,84999.3456654128,13317793.45587312,565392.7360986101,236690.32196602764,426282.87420159765,16770.31429471518,3548.131411434879,446601.3199077477,-1637538.1729950747,41176.54604411792,1934.168248108599,5182.3343419100565,799593.9430652522,33945.90918799469,14430.797958735511,25593.819679920678,1006.8816413008244,216.32640956400792,26817.02773078551,-98329.10167954686
1933,475592.8046790805,-1743840.283823295,696258.5489638399,32705.054387931108,86292.575094809,13746049.063058287,582187.8693743614,240292.1524077835,428255.60718516633,16795.133275751257,3601.830441755854,448652.5709026734,-1645059.4266431357,41803.02993912053,1963.5958075830429,5261.181387513324,825306.2046890408,34954.28094903458,14650.398350314103,25712.261623788625,1008.3717610398962,219.60039157859137,26940.233776407113,-98780.85718015941
1934,477900.92032123124,-1752303.3745111811,706851.831052541,33202.6480869575,87605.48046810763,14176395.91436371,599014.4977457529,243948.5821583604,430346.8513054233,16826.62837139156,3656.4297505769064,450829.9094273918,-1653043.0012337698,42439.045524087545,1993.4710950446815,5341.228057878368,851144.0236086058,35964.543660538126,14873.327613084966,25837.818919565063,1010.262711503543,222.92926277086372,27071.01089383947,-99260.37327741139
1935,480342.6801150142,-1761256.493755052,717606.2854896144,33707.812465621784,88938.36114655092,14608952.58865449,615879.2266687464,247660.5008043259,432556.67429078,16864.728922993527,3711.9186459654884,453133.321859739,-1661488.846819043,43084.73781968798,2023.800922487241,5422.492604793295,877114.5192422371,36977.09391091884,15099.639984348205,25970.495633631246,1012.5502503807147,226.31237126323867,27209.358255275198,-99767.64693600906
1936,482918.11803472514,-1770699.7661273254,728524.3644448092,34220.66270864252,90291.52104603694,15043837.76758412,632788.5945753384,251428.79422110016,434885.17892963067,16909.36790659197,3768.2934167742787,455562.8402529969,-1670397.080927655,43740.25405301956,2054.5922055460787,5504.993557739518,903224.8171795903,37992.324264503455,15329.38947513857,26110.297937353258,1015.2303535846149,229.7494907903656,27355.27778172824,-100302.68519967022
1937,485627.31415197096,-1780633.4852238935,739608.5573966092,34741.31575322549,91665.26870641683,15481170.270520605,649749.0764347492,255254.34956768053,437332.5029364843,16960.481859410764,3825.5553465803678,458118.5401424754,-1679767.9805224098,44405.743691178606,2085.851965075044,5588.749728116747,929482.0512786346,39010.62347534399,15562.630174749369,26257.23409904423,1018.2992108405379,233.2406996107984,27508.774009495566,-100865.50470148373
1938,488470.3929410711,-1791058.107450594,750861.3916998712,35269.89031572709,93059.91736184625,15921069.089349732,666767.0872435285,259138.0588778995,439898.81882912666,17018.010808779276,3883.7093102189538,460800.53894812486,-1689601.9761431245,45081.3584753407,2117.587328747339,5673.780213532255,955893.3657552239,40032.37669676207,15799.416469688264,26411.314476589323,1021.7532214180756,236.78629493889457,27669.853992946293,-101456.13130746974
1939,491447.522035674,-1801974.247464138,762285.4331620961,35806.506918723295,94475.78501220734,16363653.423166497,683848.9854469213,263080.8216601874,442584.3338167649,17081.898203392862,3942.7627822879003,463608.99480244564,-1699899.6476089673,45767.25245535981,2149.805532680724,5760.104402155409,982465.9172659541,41057.96568676602,16039.803202182487,26572.551510730176,1025.5889900039547,240.3867324942239,27838.527233228357,-102074.59985517064
1940,494558.9113083767,-1813382.6747973813,773883.2866284716,36351.28791849062,95913.19449561718,16809042.712865517,701001.0762937801,267083.54679716006,445389.28969901986,17152.090846858802,4002.7251369726728,466544.10568285134,-1710661.7208371216,46463.58202489391,2182.5139230874606,5847.74197713845,1009206.8769849547,42087.76900947825,16283.845785994998,26740.959719000617,1029.8033227122287,244.0425838125102,28014.805625525354,-102720.95396025963
1941,497804.8121827631,-1825284.3113367981,785657.5965758133,36904.35753290503,97372.47356203954,17257356.675641272,718229.6151272515,271147.1539510397,448313.9627757557,17228.538833471364,4063.607153879653,469606.1087631067,-1721889.0654647246,47170.50595706494,2215.7199579493526,5936.712921104531,1036123.4326752662,43122.16223270646,16531.600292111754,26916.555690311478,1034.3932232282095,247.7545061167566,28198.703419656442,-103395.24587207362
1942,501185.51711361523,-1837680.229416589,797611.0477155432,37465.84186976543,98853.95494801653,17708715.339408837,735540.8106134139,275272.5746205948,451358.66376756504,17311.19548616244,4125.420669555082,472795.27992328256,-1733582.693052036,47888.185440661335,2249.4312087182698,6027.037520704045,1063222.7907554451,44161.51812178955,16783.12351318239,27099.358080178965,1039.35588908309,251.52322107063446,28390.23719033269,-104097.53636455319
1943,504701.35919001914,-1850571.6503634034,809746.3656058433,38035.86895554805,100357.97645253738,18163239.07715579,752940.8279099875,279460.7529526263,454523.73774695396,17400.017296573613,4188.17833203153,476111.9333755591,-1745743.7557103834,48616.78411689145,2283.655362042552,6118.73637124027,1090512.178362036,45206.20682984541,17038.473012995804,27289.387606590753,1044.688708055859,255.3494998134156,28589.425814460028,-104827.89465302009
1944,508352.71182915126,-1863959.9433735546,822066.3172731206,38614.56876459832,101884.88101406136,18621048.641235854,770435.7917771867,283712.6463808688,457809.56408006325,17494.96386719914,4251.893428242474,479556.42137550487,-1758373.5450435178,49356.46811669605,2318.4002215196715,6211.830381365394,1117998.845408545,46256.59608454502,17297.70716543339,27486.667046509217,1050.3892546996067,259.23415243758427,28796.29045364641,-105586.39833003683
1945,512139.9885380416,-1877846.6246394857,834573.7118429302,39202.07324876686,103435.01678871273,19082265.197614774,788031.7896327341,288029.2261438443,461216.55637891963,17595.997855547466,4316.579762975511,483129.1339974426,-1771473.491323956,50107.40609862853,2353.6737094755663,6306.340777847987,1145690.0666415463,47313.051371534035,17560.885186042135,27691.22123300121,1056.4552869890176,263.178020608746,29010.854540598975,-106373.13331552957
1946,516063.642727154,-1892233.3566662313,847271.401180495,39798.51636749642,105008.7372296653,19547010.36007887,805734.8745530103,292411.4777181298,464745.16246409714,17703.08492027619,4382.251574285503,486830.49895865883,-1785045.1628484156,50869.76928731154,2389.4838687710458,6402.289110413009,1173593.1436945468,48375.93611462038,17828.067158450544,27903.077053000452,1062.8847430863461,267.1819724084089,29233.143768495207,-107188.19381781576
1947,520124.16756440734,-1907121.9477361601,860162.2805409727,40404.034118366544,106606.40116773482,20015406.224416666,823551.0682222606,296860.40119283285,468395.8643377945,17816.193669250235,4448.923474703042,490660.98148174776,-1799090.2654330751,51643.73151247859,2425.838864635674,6499.697256655458,1201715.407140234,49445.61185284319,18099.31405720008,28122.263445687247,1069.6757382228097,271.24689874953765,29463.186082659595,-108031.68230308518
1948,524322.0958614745,-1922514.3514920732,873249.2892296148,41018.76456810296,108228.37289319756,20487575.40258387,841486.3638317394,301377.01160353137,472169.1781672053,17935.29560947884,4516.610410698515,494621.08418738266,-1813610.642020403,52429.46924860978,2462.746986529564,6598.587427028769,1230064.2185417279,50522.4384145361,18374.6877681052,28348.811401493847,1076.8265616929057,275.37371090511806,29701.01167409187,-108903.70947167018
1949,528657.9999866406,-1938412.6666176822,886535.4112719704,41642.84788405877,109875.02223885366,20963641.05686205,859546.728930627,305962.33923860313,476065.65427817777,18060.36509888759,4585.327635071764,498711.3470121371,-1828608.272377836,53227.16165517044,2500.2166500334893,6698.982169909122,1258646.972503448,51606.77408849484,18654.251106929943,28582.75396172004,1084.335673958747,279.5633388247443,29946.65297450353,-109804.39423984627
1950,533132.4918001292,-1954819.1366004737,900023.6760942878,42276.42636617464,111546.72466435442,21443726.93402116,877738.1082305079,310617.42992709874,480085.8771591112,18191.379299880937,4655.090688495606,502932.34714748774,-1844085.2728741216,54036.99061746216,2538.25639876776,6800.904376736794,1287471.0987222178,52698.97579235688,18938.06783693935,28824.126218769932,1092.2017038620397,283.81673000940646,30200.14465264138,-110733.86372635172
1951,537746.2226088891,-1971736.1495659265,913717.1592142656,42919.644479425195,113243.86134181237,21927957.39949613,896066.426365162,315343.3453146489,484230.46547497064,18328.31813465408,4725.915387550136,507284.69899717486,-1860043.8963229745,54859.140788095116,2576.874906340288,6904.37728723573,1316544.0640392092,53799.39923829788,19226.20268572123,29072.96531699132,1100.423445941,288.13484878187955,30461.5236117142,-111692.25324295207
1952,542499.8831389011,-1989166.2381759705,927618.9829423159,43572.648886759125,114966.81924271405,22416457.471587636,914537.5906073763,320141.16313201125,488500.07209150493,18471.16424221429,4797.817817362375,511769.0541510816,-1876486.5318872991,55693.79962909161,2616.080978324297,7009.4244947125435,1345873.3744933407,54908.39909614782,19518.721361559255,29329.31045413157,1108.9998578499362,292.51867583802596,30730.828987819532,-112679.70628867162
1953,547394.203523353,-2007112.0795856274,941732.3170934954,44235.588482540436,116715.99122615498,22909352.85569713,933157.4935444479,325011.97745953006,492895.38410949335,18619.90293707163,4870.814327518805,516386.1013740838,-1893415.7050383072,56541.157454630076,2655.883554266117,7116.069951436117,1375466.5773767333,56026.329154026855,19815.690569556813,29593.202883392572,1117.9300578790353,296.96920799755753,31008.102149269165,-113696.37454732027
1954,552429.9533057123,-2025576.4954542783,956060.3797102686,44908.61442649848,118491.77612841724,23406769.97860621,951932.0157140078,329956.8989898402,497417.12290908024,18774.522169559845,4944.921530310123,521136.5666089502,-1910834.0775661506,57401.40747443942,2696.2917097235295,7224.337974099071,1405331.2632928262,57153.542476599,20117.17802765385,29864.685916092945,1127.2133225721482,301.4874580970354,31293.38669676213,-114742.4178881278
1955,557607.9414568823,-2044562.4520085682,970606.4377962679,45591.88017819459,120294.57885390989,23908836.02281034,970867.0282017624,334977.055290482,502066.04420413077,18935.012487754575,5020.156300641829,526021.2129925272,-1928744.4476392663,58274.7458378536,2737.314658335125,7334.253249362316,1435475.0682177567,58290.391561039236,20423.252482638254,30143.804924930446,1136.8490844402331,306.07445498440575,31586.728464355085,-115818.00436930197
1956,562929.01640582,-2064073.0601546734,985373.808061217,46285.54153201296,122124.81046749276,24415678.960916873,989968.3952027089,340073.5910676219,506842.93810653314,19101.367000946542,5096.535777139885,531040.8408846196,-1947149.749910272,59161.37167853654,2778.961753921145,7445.84083948396,1465905.6755656023,59437.22849080763,20733.98372622467,30430.607347845566,1146.8369297683967,310.7312435864151,31888.175521200377,-116923.31024440138
1957,568394.0660833112,-2084111.5756388076,1000365.8576771884,46989.75665268413,123982.88828820546,24927427.5901174,1009241.9765473503,345247.6684317421,511748.6292005256,19273.581344641396,5174.077364120225,536196.2879092873,-1966053.0556673866,60061.48715988739,2821.242492616286,7559.1261880338725,1496630.818258083,60594.40508732216,21049.442611253362,30725.142692480702,1157.1765965145241,315.45888502869275,32197.77817402392,-118058.51997142103
1958,574004.0179784707,-2104681.3992543924,1015586.0050463667,47704.68611134872,125869.23598442182,25444211.566744305,1028693.6301943989,350500.46716592804,516783.97662690654,19451.65364704863,5252.798734185926,541488.4290081412,-1985457.5730298508,60975.29752113673,2864.1665150349563,7674.135125695175,1527658.2807993211,61762.273059619336,21369.701068047463,31027.462541238172,1167.8679722971792,320.2584567941012,32515.588970329452,-119223.82622454132
1959,579759.8392078127,-2125786.077095313,1031037.7205804937,48430.49292216995,127784.2836704525,25966161.44092149,1048329.2146914268,355833.18499721616,521949.87417718396,19635.584497027914,5332.717831288115,546918.1765055,-2005366.6471868332,61903.01112414404,2907.743608469472,7790.893876154009,1558995.9013562533,62941.18415209055,21694.832120956802,31337.620556932176,1178.911092471215,325.1310529093389,32841.66270231273,-120419.42990848
1961,604929.9354909749,-2218076.4301335746,1062650.0025982053,49915.40309563134,131702.23228880882,26509177.50661584,1068892.3769817178,362915.08815154596,543016.0656943507,20563.16229029093,7081.903154329804,570661.1311389715,-2092424.1475095623,63800.99740179469,2996.8969043686584,8029.767711191178,1591598.3259662285,64175.78657118224,22126.609443893278,32602.42460997519,1234.602419091687,431.7773229364757,34268.80435200335,-125652.2826240123
1962,568934.6661170869,-2086093.7757626518,1043773.1183791608,53485.50666200908,130293.38330692194,27022854.16723949,1092414.3041913132,366732.11585806066,513676.660623651,23521.92720959545,3817.0277065146947,541015.6155397611,-1983723.9236457907,58632.881620839304,3004.493337990922,7508.61669307807,1618444.1601846325,65384.12081344253,21991.49156055472,26845.834218404023,1208.3342422602946,-135.11788333855657,27919.05057732576,-102369.85211686112
1963,469277.2628469701,-1720683.297105557,910069.4907552261,55833.008813246124,132224.49311175584,27394069.56446683,1117608.2806163186,371063.1645357642,371215.39722733945,25193.976425005356,4331.04867770354,400740.42233004834,-1469381.5485435105,92263.50924477394,5660.391186753882,13683.506888244174,1678063.3651852235,69178.83030912693,27114.417581201116,59619.205000591,3794.709495684401,5122.926020646395,68536.8405169218,-251301.7485620466
1964,564888.038852283,-2071256.1424583711,994624.6524671518,64500.93588319269,145221.58703353404,27841729.04192455,1150662.1934034205,385109.6679177938,447659.4774577208,33053.91278710193,14046.503382029594,494759.8936268523,-1814119.609965125,95071.84753284827,6165.3641168073145,14968.41296646595,1739294.1864436204,73367.81004445945,31822.76181290246,61230.82125839684,4188.979735332512,4708.344231701343,70128.1452254307,-257136.53249324588
1965,529575.3822749291,-1941776.4016747398,950709.4327561127,71966.51669688939,157906.46444165704,28237126.966891147,1190175.2809978635,405762.17753461224,395397.92496659607,39513.087594443,20652.509616818454,455563.5221778575,-1670399.5813188108,99026.56724388739,7496.083303110614,16565.53555834296,1803240.1255513486,78754.68272747014,36501.81011923513,63945.93910772819,5386.87268301069,4679.048306332672,74011.86009707155,-271376.820355929
1966,704397.7937641211,-2582791.910468444,1055374.4013381125,90428.05712210276,262521.4292080113,28728406.75301898,1246815.8392682867,508776.98435058823,491279.7861278318,56640.55827042321,103014.80681597599,650935.151214231,-2386762.221118847,77030.59866188759,6600.242877897243,22346.570791988728,1844152.530815102,83110.71566914524,44696.01446369677,40912.405263753375,4356.032941675105,8194.204344461636,53462.642549890115,-196029.6893495971
1967,657550.6823404838,-2411019.1685817735,1019385.6724960256,93650.06200317966,265768.1358015968,29174418.136533435,1305085.3068635997,584363.2808810767,446011.38351445645,58269.46759531298,75586.29653048847,579867.1476402578,-2126179.541347612,97676.32750397446,8973.437996820343,27977.86419840323,1904705.3043926007,89688.23026951321,55249.26098605602,60552.77357749874,6577.514600367969,10553.246522359252,77683.53470022595,-284839.62723416183
1968,646625.4158297351,-2370959.858042362,988108.6862347223,101459.47552262754,265040.50102343014,29580714.196098343,1369463.5385147962,637195.9314303306,406296.0595649071,64378.23165119649,52832.650549253915,523506.9417653575,-1919525.453139644,117961.31376527774,12112.324477372465,59585.498976569856,1984156.1167052663,99181.65404601528,89423.49896126596,79450.81231266563,9493.423776502066,34174.23797520994,123118.47406437763,-451434.404902718
1969,772191.5114696485,-2831368.8753887108,1088065.7179626927,129874.3544313367,299849.7825709127,30078016.78644224,1460105.9245227925,703971.9702041275,497302.5903438963,90642.38600799628,66776.03877379687,654721.0151256894,-2400643.722127528,118306.28203730728,14121.345568663304,64148.217429087315,2062390.521848102,110396.90541840195,117444.33879000251,78234.4051428358,11215.251372386672,28020.839828736556,117470.49634395904,-430725.1532611831
1970,801640.4376865216,-2939348.2715172456,1029245.5436014716,139591.2763647211,299856.8814873959,30507326.01937166,1557853.1428694846,751195.7594156018,429309.2329294197,97747.21834669216,47223.78921147436,574280.2404875862,-2105694.2151211496,201858.45639852842,27377.023635278918,92705.11851260412,2221821.064868554,134379.0771224672,161391.82126442075,159430.5430204519,23982.171704065244,43947.48247441824,227360.19719893538,-833654.0563960964
1971,854027.9271803516,-3131435.732994622,1110792.6388067876,168963.13206677994,325757.69759308477,31008961.671862707,1681895.8709184844,806477.0904847428,501635.652491048,124042.7280489998,55281.33106914093,680959.7116091887,-2496852.2759003583,168859.36119321245,25685.267933220064,88806.30240691526,2345450.7909646393,156036.93683695723,189172.45102500834,123629.72609608527,21657.85971449004,27780.629760587588,173068.2155711629,-634583.457094264
1972,884247.9404578172,-3242242.4483453296,1106930.2086449487,213248.82423627836,351023.83839891525,31496936.119960476,1846224.0409689785,866919.5928441058,487974.4480977692,164328.17005049414,60442.50235936302,712745.1205076263,-2613398.7751946296,156462.79135505127,30142.375763721644,109474.16160108475,2454381.5894668885,181498.44754647615,226282.96176343114,108930.79850224918,25461.510709518916,37110.5107384228,171502.8199501909,-628843.6731506999
1973,973003.851088946,-3567680.787326135,1053526.9295234934,221964.57416138012,340831.48679020035,31922463.73875514,2014654.6815146091,901045.2257517846,425527.61879466474,168430.6405456306,34125.63290767884,628083.8922479742,-2302974.2715759054,266658.07047650666,56181.42583861991,171390.51320979968,2670287.6033110786,231945.09724597525,304850.2570607136,215906.01384419017,50446.6496994991,78567.29529728246,344919.95884097175,-1264706.5157502298
1974,916204.8516689192,-3359417.7894527037,982784.5623354117,196260.55294214742,335633.12299509306,32269600.550014734,2153128.6189956544,920782.4967875101,347136.8112595938,138473.93748104526,19737.271035725484,505348.01977636456,-1852942.7391800033,321141.43766458833,64131.447057852594,210170.87700490697,2935907.2431029314,288853.10272186634,393179.44368552446,265619.6397918528,56908.005475891085,88329.18662481086,410856.8318925547,-1506475.0502727006
1975,634213.7424859348,-2325450.389115094,934507.1375565612,192686.03891402716,337538.71262532513,32562127.703147464,2284290.5638198135,936349.2900963479,292527.15313272923,131161.94482415915,15566.793308837805,439255.8912657262,-1610604.934640996,210950.8624434389,43495.961085972864,146505.28737467484,3087211.619538875,323852.9127913644,401833.10840029153,151304.3764359434,34999.81006949808,8653.664714767074,194957.85122020857,-714845.454474098
1976,966846.9055887123,-3545105.320491945,1141320.4775210267,266926.3232463366,377632.6101499613,33053697.48254405,2485086.419980736,981240.4765983808,491569.7793965861,200795.85616092244,44891.18650203291,737256.8220595415,-2703275.0142183187,229702.5224789734,53721.67675366341,161223.38985003871,3254116.2083229385,367980.90945788403,420390.6064788791,166904.5887840637,44127.99666651961,18557.49807858758,229590.0835291709,-841830.3062736266
1977,1012013.1184562785,-3710714.7676730207,1197329.140190963,271851.8239980947,389901.34255926945,33591085.58064709,2685249.3484172127,1023351.782018332,537388.098103039,200162.92843647674,42111.30541995121,779662.3319594669,-2858761.8838513787,242164.85980903718,54983.17600190529,160148.65744073057,3430087.644527797,412146.39540045196,432604.47082826414,175971.4362048586,44165.48594256793,12213.864349385025,232350.78649681155,-851952.8838216423
1978,909291.6263824143,-3334069.2967355186,1125937.8589197963,270855.63663358195,393784.2731504565,34047246.82476583,2878956.3070217017,1056410.479732506,456161.24411874264,193706.958604489,33058.69771417393,682926.9004374056,-2504065.30160382,241650.1410802037,58131.363366418096,159739.72684954354,3602098.732789392,458209.1185958894,440895.38531624037,172011.088261595,46062.72319543746,8290.914487976232,226364.7259450087,-830003.9951316984
1979,1069272.1693103118,-3920664.6208044766,1188857.747750093,275676.377190528,421935.5137076614,34556763.96740416,3072120.8629386364,1103577.437430818,509517.1426383257,193164.55591693474,47166.95769831212,749848.6562535726,-2749445.072929766,309947.2522499071,71871.62280947206,182154.4862923386,3838362.0571082146,516563.78148258757,465700.911167459,236263.32431882247,58354.66288669815,24805.525851218612,319423.51305673923,-1171219.5478747105
1980,1126696.4757700777,-4131220.4111569514,1182162.864624419,297480.4042365513,408926.85285007063,35049660.76447259,3281507.8572574668,1125935.7482279842,492896.797068432,209386.99431883032,22358.31079716608,724642.1021844284,-2657021.041342904,360381.13537558116,90686.59576344868,214849.1471499294,4119930.1638769046,591879.2690615313,510871.6904054745,281568.10676869005,75315.48757894372,45170.77923801553,402054.3735856493,-1474199.3698140474
1981,985167.3260812219,-3612280.195631147,1174210.3099043432,272170.60537764314,429829.8279159218,35525017.83100334,3460207.0023018783,1159410.7995113872,475357.0665307492,178699.14504441153,33475.05128340307,687531.2628585638,-2520947.963814734,297343.6900956567,68921.39462235688,215176.1720840782,4333559.549485467,643669.0099341503,543088.6271469509,213629.38560856273,51789.740872618975,32216.936741476413,297636.0632226581,-1091332.231816413
1982,819883.8805188695,-3006240.8952358547,1067450.6650177408,241331.4506259258,430478.5057366797,35885343.991243675,3603604.0526380297,1183629.440158558,360326.16024033725,143397.05033615138,24218.640647170832,527941.8512236595,-1935786.7878200847,296931.33498225926,67130.84937407423,228809.4942633203,4542591.494390739,692276.6067738797,577391.1146971597,209031.94490527175,48607.596839729464,34302.48755020881,291942.02929521,-1070454.10741577
1983,901629.0701978662,-3305973.257392176,1140558.96909848,259856.82650800637,443796.91177441797,36310993.50877184,3761350.81985777,1212010.1391478947,425649.5175281614,157746.76721974043,28380.69898933661,611776.9837372384,-2243182.2737032077,295042.0309015201,67220.27349199366,246757.0882255821,4745653.731464857,739643.2221363933,616814.3487211558,203062.2370741181,47366.61536251358,39423.23402399605,289852.08646062773,-1062790.9836889682
1984,925157.0965750976,-3392242.6874420247,1174027.631161843,271713.96381944354,483953.01883537456,36761435.72780262,3926478.2645920096,1266014.6992252741,450442.2190307826,165127.44473423949,54004.56007737946,669574.2238424015,-2455105.487422139,272107.3688381571,62975.836180556464,257938.98116462547,4922024.989444533,781528.4579424036,654140.7276681655,176371.25797967613,41885.235806010314,37326.37894700968,255582.87273269612,-937137.2000198858
1985,888147.9938598729,-3256542.644152867,1014608.4643806242,256102.01675722256,468258.2519048814,37045194.098339446,4071692.7847185833,1290937.866735802,283758.37053682655,145214.52012657374,24923.167510527885,453896.0581739282,-1664285.5466377365,359620.53561937576,90773.48324277745,352763.7480951186,5181590.009386322,849684.1665281272,760671.9348265976,259565.0199417891,68155.70858572354,106531.20715843211,434251.93568594474,-1592257.0975151306
1986,821736.280257955,-3013033.0276125013,1002325.7960423391,269965.22057476285,487959.8757076059,37311226.29727809,4226609.189081877,1325211.2702001068,266032.1989386454,154916.4043632932,34273.40346430475,455222.0067662434,-1669147.3581428924,329996.20395766106,88880.77942523717,354678.1242923941,5406732.202188958,914109.4474840094,837618.7345597909,225142.19280263595,64425.28095588228,76946.79973319336,366514.2734917116,-1343885.6694696092
1987,893074.322749012,-3274605.8500797106,966724.344538336,270331.7725873433,497289.29406167165,37536790.529069446,4377650.9133830685,1357330.6220380643,225564.23179135472,151041.72430119198,32119.35183795751,408725.3079305042,-1498659.4624118486,394451.65546166396,110303.22741265675,427566.70593832835,5691280.893455657,997901.2112848514,953627.294310758,284548.69126669876,83791.76380084199,116008.55975096708,484349.0148185078,-1775946.387667862
1988,1071429.6288289619,-3928575.305706193,1102149.9512596782,308577.20127403986,599496.513256034,37892025.00113983,4562282.494513812,1466418.8980252491,355234.47207038105,184631.58113074303,109088.27598718484,648954.3291883089,-2379499.2070237994,381312.04874032177,106758.79872596018,423403.486743966,5957239.40678553,1075905.9414417227,1032139.3504646668,265958.51332987286,78004.73015687126,78512.05615390884,422475.29964065296,-1549076.098682394
1989,1149308.9471675507,-4214132.806281019,1240190.6322171076,339362.76312381047,646069.9725353407,38376976.30876969,4772228.015773219,1582915.7092517568,484951.30762986094,209945.5212594075,116496.81122650765,811393.6401157761,-2975110.0137578454,344489.3677828924,94265.23687618958,416974.02746465936,6181522.181748492,1139455.6741926973,1082222.1498025053,224282.77496296167,63549.732750974596,50082.79933783843,337915.3070517747,-1239022.7925231738
1990,1307872.6249846597,-4795532.958277086,1285996.3986032838,352463.64747890405,656706.4424393894,38897773.18949091,4989353.500172859,1674280.3941795817,520796.8807212189,217125.48439964,91364.68492782488,829287.0500486838,-3040719.18351184,433541.70139671623,118824.35252109599,475045.55756061064,6489583.229009122,1225489.4150131515,1166712.936657397,308061.04726062994,86033.7408204542,84490.7868548918,478585.57493597595,-1754813.7747652452
1991,1269366.6197795959,-4654344.272525185,1105372.6311044577,346186.58670395677,610106.2114041097,39229510.59986674,5194350.83586968,1699502.6058144884,331737.4103758335,204997.3356968211,25222.211634906707,561956.9577075613,-2060508.8449277247,552335.4688955423,172983.41329604326,582633.7885958904,6909228.573446507,1362585.7065070071,1317380.962798191,419645.344437385,137096.29149385565,150668.02614079393,707409.6620720346,-2593835.42759746
1992,1175482.629258679,-4310102.97394849,1066020.7458021783,329823.99915888056,620052.8793616189,39515778.06340867,5377604.672787905,1725743.4430780779,286267.4635419324,183253.83691822458,26240.837263589492,495762.1377237465,-1817794.5049870703,541559.2541978218,167557.00084111947,635219.1206383811,7309974.720180348,1490581.2158514194,1468359.7982548703,400746.1467338409,127995.50934441225,150978.83545667934,679720.4915349325,-2492308.468961419
1993,1062926.8722731292,-3897398.53166814,1043214.8446976066,332814.34414238296,612869.1952235495,39773850.43844519,5558796.694382756,1738227.5052108362,258072.3750365153,181192.02159485128,12484.062132758321,451748.4587641249,-1656411.015468458,510779.1553023935,162952.65585761706,661316.8047764505,7672385.166105283,1610535.5802071993,1597173.4014831588,362410.44592493586,119954.36435577995,128813.60322828847,611178.4135090043,-2240987.5161996824
1994,1302022.0446908,-4774080.830532933,1205986.7437204912,361830.51986150455,691119.3304022816,40188032.8741601,5763651.62867965,1813185.134949448,414182.4357149154,204854.9342968939,74957.62973861187,693994.9997504211,-2544648.332418211,528001.256279509,158415.48013849548,699638.6695977184,8044741.650419153,1722734.9317540415,1720644.6105628256,372356.48431386985,112199.35154684214,123471.20907966676,608027.0449403787,-2229432.498114722
1995,1280396.372262991,-4694786.698297634,1231487.0609724724,364985.07550810394,691255.8043568385,40619342.91410996,5966016.01962311,1866303.5189052373,431310.0399498567,202364.39094346017,53118.383955789264,686792.8148491061,-2518240.321113389,555628.9390275276,164675.92449189606,697958.1956431615,8437152.358843626,1838040.6388630397,1806531.752443239,392410.7084244732,115305.7071089982,85887.14188041352,593603.5574138849,-2176546.3771842443
1996,1322515.968391888,-4849225.217436923,1343327.0622841797,379097.51310909324,707215.6019154199,41152935.052072905,6176765.338961903,1917351.691890345,533592.1379629448,210749.31933879294,51048.17298510764,795389.6302868454,-2916428.6443850994,534472.9377158204,150832.48689090676,702842.3980845802,8800920.244105773,1936540.0171350103,1871390.8270141645,363767.8852621466,98499.37827197067,64859.07457092544,527126.3381050427,-1932796.573051823
1997,1399169.7657967128,-5130289.141254613,1310889.923594132,377403.92524449877,702794.581927611,41643945.7209676,6380081.381840902,1949711.9477186461,491010.66889469326,203316.04287899937,32360.25582830119,726686.9676019938,-2664518.8812073106,624160.076405868,179695.07475550123,770181.418072389,9246359.744192526,2060812.064572389,1974162.0776847522,445439.5000867527,124272.04743737867,102771.25067058764,672482.798194719,-2465770.260047303
1998,1445448.0207954198,-5299976.076249872,1326818.6980697017,359452.1582449437,707445.4783567621,42141100.052342385,6560132.550029067,1976524.6286649918,497154.3313747868,180051.16818816494,26812.680946345674,704018.1805092974,-2581399.995200757,673954.3019302984,182582.84175505632,840028.5216432379,9732368.844254363,2184533.9878185447,2105860.8946628813,486009.1000618376,123721.92324615573,131698.8169781291,741429.8402861224,-2718576.0810491154
1999,1616985.979005735,-5928948.589687695,1287153.772327192,316514.7491785002,638083.9026476531,42589230.75091333,6692912.576114315,1936865.8134943359,448130.69857094437,132780.0260852473,-39658.81517065596,541251.9094855357,-1984590.3347802975,917658.2276728083,225654.7508214998,960728.0973523469,10450154.198589314,2347353.0145551604,2300990.5831115143,717785.3543349504,162819.0267366157,195129.68844863307,1075734.0695201992,-3944358.254907397
2000,1879370.4065781,-6891024.8241197,1258675.2783815418,333203.1623474336,632507.472412392,43000375.53044584,6838520.911436178,1904110.092769162,411144.77953250706,145608.33532186318,-32755.72072517383,523997.3941291964,-1921323.7784737202,1120634.7216184582,296660.33765256644,1060488.527587608,11354844.022499314,2575750.0214114105,2523276.764794168,904689.8239099998,228397.0068562501,222286.18168265373,1355373.0124489036,-4969701.04564598
2001,1880145.7256778704,-6893867.660818858,1317134.6311978041,453252.8248554576,674409.5526534233,43461342.29644494,7098548.274813302,1916360.2173583936,460966.7659991011,260027.36337712407,12250.124589231564,733244.2539654567,-2688562.264540008,1024848.368802196,352671.1751445425,966090.4473465768,12146949.333782572,2853142.9892012742,2600679.9574334593,792105.3112832587,277392.9677898637,77403.19263929129,1146901.4717124137,-4205305.39627885
2002,2018764.9320858303,-7402138.08431471,1431674.9717576092,548526.3601864547,727513.6562538785,44026683.38600462,7445430.062327468,1969901.235638306,565341.0895596817,346881.787514166,53541.018279912416,965763.8953537601,-3541134.2829637867,953360.0282423911,365266.63981354533,978220.3437461215,12852736.837382363,3135373.088769198,2665663.390997815,705787.5035997909,282230.0995679237,64983.4335643556,1053001.0367320701,-3861003.8013509237
2003,2002433.8950965283,-7342257.615353937,1518887.1845657276,578547.3298122066,817440.3449969015,44667292.782905646,7812434.959534335,2083758.5035447362,640609.3969010264,367004.8972068671,113857.26790643018,1121471.5620143237,-4112062.39405252,879429.8154342724,334976.6701877935,944649.6550030985,13471481.321447324,3380011.6759135113,2683242.6528707454,618744.4840649609,244638.58714431338,17579.261872930452,880962.3330822047,-3230195.221301417
2004,2165780.380879603,-7941194.729891877,1470407.284149856,526877.8190201729,770747.1430382902,45247337.21940338,8118444.2949430235,2124806.8023626953,580044.436497733,306009.3354086885,41048.29881795915,927102.0707243807,-3399374.259322729,1079049.715850144,386646.18097982707,1102110.1889617098,14275748.83161708,3668920.401611487,2828744.7271582363,804267.5101697557,288908.7256979756,145502.07428749092,1238678.3101552222,-4541820.470569148
2005,2095351.0068818037,-7682953.691899947,1472596.0785266533,535784.3675591623,798952.9917591664,45818174.60137492,8424869.999789666,2177669.411150576,570837.3819715381,306425.7048466429,52862.608787880745,930125.6956060617,-3410460.883888893,1063349.9214733467,386885.6324408378,1111747.0082408339,15048699.791865412,3950165.0654383497,2939774.414358783,772950.9602483325,281244.6638268628,111029.68720054673,1165225.311275742,-4272492.808011054
2006,2051298.1004845407,-7521426.368443316,1446150.7993337424,608880.3562724644,849821.2748623077,46351633.07499316,8795008.441327699,2258038.275490239,533458.4736182466,370138.44153803214,80368.86433966272,983965.7794959415,-3607874.524818452,959952.2006662576,404173.64372753573,1162396.7251376922,15704113.063721983,4240769.627389686,3061088.901539475,655413.2718565706,290604.56195133645,121314.48718069214,1067332.3209885992,-3913551.843624864
2007,2250573.7610612847,-8252103.790558044,1737317.1671651835,655309.3023381615,924607.5264059185,47162932.900942355,9200816.639431115,2378070.342392865,811299.825949192,405808.1981034167,120032.0669026263,1337140.090955235,-4902847.000169195,968546.8328348167,365332.1116618385,1082206.4735940816,16355184.16736051,4485119.57611047,3079101.519286213,651071.1036385279,244349.94872078393,18012.617746737786,913433.6701060496,-3349256.7903888486
2008,1893880.6238308852,-6944228.954046579,1678860.0803223387,668475.1050106521,957803.0026406856,47900441.59101196,9608512.952094972,2490999.6992359366,737508.6900696009,407696.3126638569,112929.35684307152,1258134.3595765294,-4613159.318447274,802354.9196776615,319475.27698934794,1031114.1073593145,16828931.08996692,4677560.803959029,3048659.6330856015,473746.9226064086,192441.2278485587,-30441.88620061148,635746.2642543558,-2331069.6355993045
2009,978011.4009020138,-3586041.803307384,1136686.1850524587,499998.40091435413,744496.7740958164,48086647.68584667,9838898.230023418,2390585.332916709,186206.09483471513,230385.2779284455,-100414.3663192275,316177.0064439331,-1159315.6902944213,800195.8149475415,351985.1240856459,1033242.4379041836,17291250.258884683,4896803.017707433,3028932.6448775143,462319.168917764,219242.21374840382,-19726.98820808716,661834.3944580806,-2426726.113012962
2010,1435119.1428052536,-5262103.523619263,1330917.5950307732,549820.6296713722,849760.8591511401,48461523.13722763,10112121.495683447,2408541.509600182,374875.45138096064,273223.2656600289,17956.176683472935,666054.8937244625,-2442201.2769896956,868169.4049692269,358652.8953286278,1083687.66484886,17811808.560816467,5116626.226289143,3057615.3834448117,520558.30193178356,219823.20858171023,28682.738567297347,769064.2490807911,-2819902.2466295674
2011,1364067.4008970624,-5001580.469955895,1388822.5624162008,572621.4280653008,853694.7348368657,48886382.86256848,10400361.070107091,2424563.006253756,424859.72534085065,288239.5744236447,16021.496653574053,729120.7964180694,-2673442.9201995875,817821.4375837994,337193.5999346993,1038154.5691631343,18272306.340405412,5309273.820850142,3039416.61377386,460497.7795889452,192647.59456099942,-18198.769670951646,634946.604478993,-2328137.5497563076
2012,1175233.6722307685,-4309190.131512818,1273524.7214514157,541670.257931844,834730.8490309134,49188747.69832421,10650192.684249228,2419865.3231086098,302364.8357557282,249831.61414213665,-4697.683145146351,547498.7667527185,-2007495.478093301,776483.2785485844,330262.84506815614,1096754.0929690865,18682842.526211623,5489817.900751438,3076071.2535444032,410536.1858062111,180544.0799012957,36654.6397705432,627734.90547805,-2301694.6534195165
2013,996149.9933465272,-3652549.975603933,1144448.213299812,513763.25512364734,754364.095636898,49357376.56891529,10865668.959341496,2348624.7170173293,168628.87059108168,215476.27509226836,-71240.60609128047,312864.5395920696,-1147169.978504255,809837.786700188,363550.6548763527,1112629.8963631021,19118354.7457641,5698255.571533671,3115406.8169641523,435512.21955247596,208437.67078223266,39335.56341974903,683285.4537544576,-2505379.997099678
2014,946498.4125976423,-3470494.179524688,1181973.957254158,517954.1735814669,764369.5201273276,49559855.33127273,11079386.377594095,2306705.6975377435,202478.76235743612,213717.4182525985,-41919.01947958581,374277.1611304488,-1372349.5908116456,755366.042745842,331009.82641853316,1113489.5998726725,19491390.934033215,5868899.646041047,3143947.8056548536,373036.188269116,170644.07450737618,28540.988690701313,572221.2514671935,-2098144.5887130424
2015,993374.3495415733,-3642372.6149857687,1198270.1527638414,491063.26858757046,740785.6551977872,49774499.49750277,11260738.142376069,2257133.4864810207,214644.1662300378,181351.76478197426,-49572.211056722794,346423.71995528927,-1270220.3065027273,801128.8472361586,328310.7314124296,1175516.3628022128,19902424.743345633,6032215.428326526,3216548.8436432406,411033.8093124181,163315.7822854789,72601.03798838705,646950.629586284,-2372152.3084830414
2016,1192254.4107266432,-4371599.505997691,1188206.5656356702,487252.97106694285,716476.0453091187,49974970.031506926,11433372.873218985,2201536.3165773666,200470.53400415927,172634.7308429163,-55597.16990365414,317508.0949434214,-1164196.3481258785,966683.4343643299,396412.0289330572,1211599.3586908814,20469324.447550837,6258231.210078617,3298379.6734691677,566899.7042052038,226015.7817520909,81830.82982592704,874746.3157832217,-3207403.157871813
2017,1222746.1954815388,-4483402.716765642,1293271.5732067868,511634.5491329288,736427.9055224917,50275540.937697835,11625333.578147087,2179084.7210231046,300570.90619090945,191960.70492810197,-22451.595554261934,470080.0155647495,-1723626.7237374147,962149.4267932132,380638.4508670713,1139692.6704775083,21020618.188051887,6462509.661557488,3295473.6614060355,551293.7405010499,204278.45147887152,-2906.0120631321333,752666.1799167893,-2759775.9930282272
2018,1385789.0408272888,-5081226.483033392,1337790.648067658,500672.1129672509,776513.4948269906,50614298.96992418,11801233.24813838,2197085.825580457,338758.03222634643,175899.66999129206,18001.104557352606,532658.8067749911,-1953082.2915083007,1040603.351932342,389448.88703274913,1174762.4391730095,21638783.56394893,6669891.526643161,3323056.654475618,618165.3758970425,207381.8650856726,27582.99306958262,853130.2340522977,-3128144.1915250914
2019,1273185.602701074,-4668347.209903938,1292634.0174613234,447098.88238647935,751823.1933019744,50901701.74151174,11919485.567966023,2188948.478613497,287402.7715875581,118252.31982764415,-8137.346966960002,397517.74444824224,-1457565.0629768881,1100415.9825386766,380614.1176135207,1172275.6386980256,22304051.34420702,6862889.106098166,3340459.1530153556,665267.7802580893,192997.579455005,17402.498539737426,875667.8582528317,-3210782.1469270494
2020,1161241.616842562,-4257885.928422728,1123518.3152929004,387261.56813271233,624662.1730268468,51016016.61871135,11975488.865390303,2075729.3044059805,114314.87719961256,56003.29742427915,-113219.17420751671,57099.000416375,-209363.0015267083,1275256.6847070996,439563.7318672878,1196691.5649731532,23129394.41325065,7108749.056278922,3373398.750217154,825343.0690436326,245859.95018075593,32939.59720179858,1104142.616426187,-4048522.9268960194
2021,1429595.794042623,-5241851.24482295,1313031.71575628,490599.0609492862,775114.8721464489,51315738.99720017,12131878.829100853,2122820.5179421944,299722.3784888163,156389.96371055022,47091.21353621385,503203.5557355804,-1845079.7043637948,1151924.28424372,430403.13905071386,1180077.031853551,23816433.8355325,7338851.18758565,3382649.434935618,687039.4222818501,230102.13130672835,9250.684718464036,926392.2383070425,-3396771.5404591556
2022,1008847.9428022946,-3699109.1236084136,1399649.2873246318,456871.76371765055,778368.3538933129,51695349.51222313,12250728.272035895,2158868.5881940844,379610.5150229633,118849.44293504208,36048.07025188999,534508.0282098954,-1959862.7701029496,974887.6656753683,318221.60828234954,1010108.2201066872,24314705.734568223,7452020.525764944,3245548.1123130014,498271.899035722,113169.33817929402,-137101.32262261678,474339.91459239926,-1739246.3535054638
2023,485478.4858113413,-1780087.7813082514,1235734.6421429433,408904.04343960824,653896.15873258,51905213.88914228,12319018.920927674,2079165.5783198953,209864.37691915035,68290.64889177866,-79703.00987418904,198452.01593673998,-727657.3917680465,910415.1148570568,301255.9565603918,851510.01726742,24739368.494930584,7545362.625922116,3014569.7216680697,424662.7603623606,93342.10015717242,-230978.3906449317,287026.46987460135,-1052430.3895402048
